StartDate,EndDate,Status,Progress,Duration (in seconds),Finished,RecordedDate,ResponseId,DistributionChannel,UserLanguage,Q1,Q2,Q3,Q4,Q5,Q6,Q7
Start Date,End Date,Response Type,Progress,Duration (in seconds),Finished,Recorded Date,Response ID,Distribution Channel,User Language,RESEARCH INFORMED CONSENT Key Information about This Research Study This section provides highlig...,How often did you use the tutoring chatbot during this academic quarter?,"How often did you use other generative AI tools for this course? For example, ChatGPT, Gemini, or Claude. Note: This survey is anonymous and answering this question will not implicate you in any way for academic dishonesty",About what percentage of the time was the AI Tutor correct?,Indicate which statement you most strongly agree with:,How does the AI Tutor compare to publicly available AI tools like ChatGPT as a study tool?,"Free response: Please share any opinions or insights you have concerning the AI Tutor. Feel free to include what you liked, what you did not like, a comparison to other tools that you have used, or anything else. You may write as little or much as you would like. Do not include any personally identifiable information."
"{""ImportId"":""startDate"",""timeZone"":""America/Denver""}","{""ImportId"":""endDate"",""timeZone"":""America/Denver""}","{""ImportId"":""status""}","{""ImportId"":""progress""}","{""ImportId"":""duration""}","{""ImportId"":""finished""}","{""ImportId"":""recordedDate"",""timeZone"":""America/Denver""}","{""ImportId"":""_recordId""}","{""ImportId"":""distributionChannel""}","{""ImportId"":""userLanguage""}","{""ImportId"":""QID1""}","{""ImportId"":""QID6""}","{""ImportId"":""QID55""}","{""ImportId"":""QID5""}","{""ImportId"":""QID57""}","{""ImportId"":""QID58""}","{""ImportId"":""QID60_TEXT""}"
2025-09-04 16:52:39,2025-09-04 16:52:48,Survey Preview,100,9,True,2025-09-04 16:52:49,R_5oCnLeqZ6zA07U6,preview,EN,"I have read and understood the consent form, and I provide my consent to participate in this study.",,,,,,
2025-09-04 17:28:41,2025-09-04 17:28:48,Survey Preview,100,6,True,2025-09-04 17:28:48,R_5RIOkPD88GevS0h,preview,EN,"I have read and understood the consent form, and I do NOT provide my consent to participate in this study.",,,,,,
2025-09-25 14:54:55,2025-09-25 14:55:07,Survey Preview,100,11,True,2025-09-25 14:55:07,R_6wTlUNcHyqQDV3H,preview,EN,"I have read and understood the consent form, and I do NOT provide my consent to participate in this study.",,,,,,
2025-11-20 22:48:24,2025-11-20 22:48:49,Survey Preview,100,24,True,2025-11-20 22:48:50,R_32KQ0xzkeLQceJO,preview,EN,"I have read and understood the consent form, and I provide my consent to participate in this study.",,,,,,
2025-12-02 14:57:31,2025-12-02 14:58:16,IP Address,100,45,True,2025-12-02 14:58:17,R_668vvgU9KUg8TNn,email,EN,"I have read and understood the consent form, and I provide my consent to participate in this study.",Never,5 to 10 times per week,Prefer not to answer,The AI Tutor was not useful as a personal study tool.,Prefer not to answer,
2025-12-02 14:57:50,2025-12-02 15:02:21,IP Address,100,271,True,2025-12-02 15:02:22,R_6Ivk8kTxRLZ8vxV,email,EN,"I have read and understood the consent form, and I provide my consent to participate in this study.",Fewer than 2 times per week,2-5 times per week,80%,The AI Tutor was somewhat useful as a personal study tool.,The AI Tutor is better.,AI Tutor is definitely better than other AI tools when it comes to course specific content and not hallucinating.
2025-12-02 15:03:55,2025-12-02 15:06:07,IP Address,100,131,True,2025-12-02 15:06:07,R_6VNMd7IstqrDIjv,email,EN,"I have read and understood the consent form, and I provide my consent to participate in this study.",Never,More than 10 times per week,95%,Prefer not to answer,The AI Tutor is significantly better.,"Even thought I have not used the AI Tutor, the purpose is amazing and I think I will be using it to prepare for the Final. It has a nice interface and is easy to use."
2025-12-02 15:08:14,2025-12-02 15:09:29,IP Address,100,74,True,2025-12-02 15:09:29,R_1DMFceJbHLmWjvz,email,EN,"I have read and understood the consent form, and I do NOT provide my consent to participate in this study.",Never,Prefer not to answer,Prefer not to answer,Prefer not to answer,Prefer not to answer,
2025-12-02 15:13:40,2025-12-02 15:14:59,IP Address,100,79,True,2025-12-02 15:14:59,R_7GVNi8vgn96pcbx,email,EN,"I have read and understood the consent form, and I do NOT provide my consent to participate in this study.",Never,2-5 times per week,Prefer not to answer,Prefer not to answer,Prefer not to answer,
2025-12-02 15:13:44,2025-12-02 15:15:31,IP Address,100,107,True,2025-12-02 15:15:32,R_6SET3jWxU1IKURH,email,EN,"I have read and understood the consent form, and I provide my consent to participate in this study.",Never,Fewer than 2 times per week,Prefer not to answer,The AI Tutor was not useful as a personal study tool.,The AI Tutor is better.,"While I did not use the AI tutor, I saw how it was used in class and could appreciate the fact that it only took materials from the course "
2025-12-02 15:18:18,2025-12-02 15:21:56,IP Address,100,217,True,2025-12-02 15:21:56,R_62rCDEsClMcsLNv,email,EN,"I have read and understood the consent form, and I provide my consent to participate in this study.",5 to 10 times per week,2-5 times per week,60%,The AI Tutor was somewhat useful as a personal study tool.,The AI Tutor is marginally better.,
2025-12-02 15:22:23,2025-12-02 15:23:38,IP Address,100,74,True,2025-12-02 15:23:38,R_1nUTVLosoSjvueG,email,EN,"I have read and understood the consent form, and I provide my consent to participate in this study.",Never,Never,Prefer not to answer,The AI Tutor was useful as a personal study tool.,Other chatbots are marginally better.,I felt like the limited number of calls caused me to gravitate towards not using the AI tutor.
2025-12-02 15:54:25,2025-12-02 15:56:24,IP Address,100,118,True,2025-12-02 15:56:24,R_6jZ0cJd4gv9eY2A,email,EN,"I have read and understood the consent form, and I do NOT provide my consent to participate in this study.",2-5 times per week,Never,80%,The AI Tutor was somewhat useful as a personal study tool.,Other chatbots are marginally better.,
2025-12-02 15:42:52,2025-12-02 16:07:48,IP Address,100,1495,True,2025-12-02 16:07:48,R_30VMcuV4WWjM4b5,email,EN,"I have read and understood the consent form, and I provide my consent to participate in this study.",Fewer than 2 times per week,2-5 times per week,80%,The AI Tutor was useful as a personal study tool.,The AI Tutor is better.,
2025-12-02 16:57:36,2025-12-02 16:59:48,IP Address,100,131,True,2025-12-02 16:59:48,R_3HTdD1TAPlmqY81,email,EN,"I have read and understood the consent form, and I provide my consent to participate in this study.",Fewer than 2 times per week,5 to 10 times per week,95%,The AI Tutor was somewhat useful as a personal study tool.,Other chatbots are marginally better.,"The AI tutor is good, although when asked to get more specific and give examples, it doesn’t do so. Although, I do really like how it references the lecture slides as it allows me to go back if I want further information."
2025-12-02 16:59:21,2025-12-02 16:59:56,IP Address,100,34,True,2025-12-02 16:59:56,R_3KqnepdQTmos25b,email,EN,"I have read and understood the consent form, and I provide my consent to participate in this study.",Fewer than 2 times per week,2-5 times per week,5%,The AI Tutor was not useful as a personal study tool.,The AI Tutor is significantly better.,
2025-12-02 17:02:41,2025-12-02 17:05:45,IP Address,100,183,True,2025-12-02 17:05:45,R_1Vd4gbxKGTqGwxz,email,EN,"I have read and understood the consent form, and I provide my consent to participate in this study.",Fewer than 2 times per week,Fewer than 2 times per week,80%,The AI Tutor was useful as a personal study tool.,Other chatbots are better.,
2025-12-02 17:06:47,2025-12-02 17:07:03,IP Address,100,16,True,2025-12-02 17:07:04,R_7SCgQ4wTwY1Pcnz,email,EN,"I have read and understood the consent form, and I do NOT provide my consent to participate in this study.",More than 10 times per week,,20%,The AI Tutor was useful as a personal study tool.,The AI Tutor is marginally better.,
2025-12-02 17:08:29,2025-12-02 17:09:22,IP Address,100,52,True,2025-12-02 17:09:23,R_7D0rfo7jbNk6zXJ,email,EN,"I have read and understood the consent form, and I provide my consent to participate in this study.",Fewer than 2 times per week,Prefer not to answer,80%,The AI Tutor was useful as a personal study tool.,Other chatbots are significantly better.,
2025-12-02 17:03:54,2025-12-02 17:13:23,IP Address,100,569,True,2025-12-02 17:13:24,R_1dzRhsdA0U6nr9a,email,EN,"I have read and understood the consent form, and I do NOT provide my consent to participate in this study.",Never,Never,Prefer not to answer,Prefer not to answer,Prefer not to answer,"I never used the chatbot (outside of one time during lecture to get initial impressions) as, even though the RAG on specifically course materials would be useful, I preferred just reading the course materials themselves. They were pretty brief anyways."
2025-12-02 17:12:18,2025-12-02 17:14:29,IP Address,100,131,True,2025-12-02 17:14:29,R_1eNQdfhNPWsBUpb,email,EN,"I have read and understood the consent form, and I provide my consent to participate in this study.",Fewer than 2 times per week,2-5 times per week,80%,The AI Tutor was somewhat useful as a personal study tool.,Other chatbots are better.,AI tutor can only answer specific details from notes that it has been feed
2025-12-02 17:11:51,2025-12-02 17:15:35,IP Address,100,223,True,2025-12-02 17:15:35,R_54k1ax34Hr2bwhz,email,EN,"I have read and understood the consent form, and I provide my consent to participate in this study.",Never,2-5 times per week,Prefer not to answer,The AI Tutor was useful as a personal study tool.,Other chatbots are marginally better.,"I found the AI Tutor to be a good idea and a resource to use. While it seems very limited in the information it can give, it is a good resource when it comes to targeting specific course material rather than material from random online resources."
2025-12-02 17:23:42,2025-12-02 17:25:01,IP Address,100,78,True,2025-12-02 17:25:01,R_3p2OtF3rOP4NTRO,email,EN,"I have read and understood the consent form, and I provide my consent to participate in this study.",Never,2-5 times per week,95%,The AI Tutor was useful as a personal study tool.,Other chatbots are marginally better.,AI Tutor is more class-specific
2025-12-02 17:11:54,2025-12-02 17:29:45,IP Address,100,1070,True,2025-12-02 17:29:45,R_6kV9zf6toiNzZGV,email,EN,"I have read and understood the consent form, and I do NOT provide my consent to participate in this study.",Fewer than 2 times per week,2-5 times per week,95%,The AI Tutor was somewhat useful as a personal study tool.,Other chatbots are marginally better.,
2025-12-02 17:38:03,2025-12-02 17:38:48,IP Address,100,45,True,2025-12-02 17:38:49,R_7a8HoiHsUSCOyDp,email,EN,"I have read and understood the consent form, and I provide my consent to participate in this study.",Never,Never,Prefer not to answer,The AI Tutor was useful as a personal study tool.,Other chatbots are significantly better.,
2025-12-02 17:56:36,2025-12-02 17:57:49,IP Address,100,72,True,2025-12-02 17:57:49,R_3CeX07GVhndrKW3,email,EN,"I have read and understood the consent form, and I do NOT provide my consent to participate in this study.",Never,5 to 10 times per week,Prefer not to answer,Prefer not to answer,Prefer not to answer,Sometimes the ai tutor did not have enough available information to fully grasp concepts in the class
2025-12-02 18:03:09,2025-12-02 18:03:45,IP Address,100,35,True,2025-12-02 18:03:45,R_5ILA5vV0GxmG8Jr,email,EN,"I have read and understood the consent form, and I provide my consent to participate in this study.",Never,Fewer than 2 times per week,Prefer not to answer,Prefer not to answer,Prefer not to answer,
2025-12-02 18:02:51,2025-12-02 18:03:59,IP Address,100,67,True,2025-12-02 18:04:00,R_7FPt4K2BMAlOAUy,email,EN,"I have read and understood the consent form, and I provide my consent to participate in this study.",Fewer than 2 times per week,2-5 times per week,80%,The AI Tutor was useful as a personal study tool.,Other chatbots are marginally better.,
2025-12-02 18:03:48,2025-12-02 18:04:38,IP Address,100,49,True,2025-12-02 18:04:38,R_36n0aoj5MzA6Hjr,email,EN,"I have read and understood the consent form, and I provide my consent to participate in this study.",Never,Fewer than 2 times per week,Prefer not to answer,Prefer not to answer,Prefer not to answer,
2025-12-02 18:03:58,2025-12-02 18:04:48,IP Address,100,50,True,2025-12-02 18:04:48,R_5JdXYxKvSqT1a7g,email,EN,"I have read and understood the consent form, and I provide my consent to participate in this study.",Never,Never,Prefer not to answer,The AI Tutor was not useful as a personal study tool.,Prefer not to answer,
2025-12-02 18:03:50,2025-12-02 18:05:05,IP Address,100,74,True,2025-12-02 18:05:05,R_3GEApDW0owU4Eay,email,EN,"I have read and understood the consent form, and I provide my consent to participate in this study.",5 to 10 times per week,5 to 10 times per week,80%,The AI Tutor was useful as a personal study tool.,Other chatbots are better.,NA
2025-12-02 18:03:45,2025-12-02 18:05:17,IP Address,100,91,True,2025-12-02 18:05:17,R_3NsFIjLF1uUyXOe,email,EN,"I have read and understood the consent form, and I provide my consent to participate in this study.",Never,2-5 times per week,Prefer not to answer,The AI Tutor was not useful as a personal study tool.,Other chatbots are marginally better.,
2025-12-02 18:04:32,2025-12-02 18:05:22,IP Address,100,49,True,2025-12-02 18:05:23,R_6IBaBXGc2T5H4Zz,email,EN,"I have read and understood the consent form, and I provide my consent to participate in this study.",Never,2-5 times per week,Prefer not to answer,The AI Tutor was useful as a personal study tool.,Other chatbots are marginally better.,
2025-12-02 18:04:59,2025-12-02 18:05:43,IP Address,100,43,True,2025-12-02 18:05:43,R_5uPUnj0hlWvCHrr,email,EN,"I have read and understood the consent form, and I provide my consent to participate in this study.",Never,2-5 times per week,Prefer not to answer,The AI Tutor was somewhat useful as a personal study tool.,Other chatbots are marginally better.,
2025-12-02 18:04:14,2025-12-02 18:05:56,IP Address,100,101,True,2025-12-02 18:05:56,R_5cj8sPeioAFq7C1,email,EN,"I have read and understood the consent form, and I do NOT provide my consent to participate in this study.",Prefer not to answer,Prefer not to answer,Prefer not to answer,Prefer not to answer,Prefer not to answer,
2025-12-02 18:05:13,2025-12-02 18:06:16,IP Address,100,62,True,2025-12-02 18:06:16,R_6CDWa5JZBaZFMw9,email,EN,"I have read and understood the consent form, and I provide my consent to participate in this study.",Fewer than 2 times per week,5 to 10 times per week,Prefer not to answer,The AI Tutor was useful as a personal study tool.,Other chatbots are better.,
2025-12-02 18:04:35,2025-12-02 18:06:28,IP Address,100,112,True,2025-12-02 18:06:29,R_5WI0jBE1R7YgtMo,email,EN,"I have read and understood the consent form, and I provide my consent to participate in this study.",Never,2-5 times per week,Prefer not to answer,The AI Tutor was not useful as a personal study tool.,Other chatbots are significantly better.,
2025-12-02 18:06:01,2025-12-02 18:06:37,IP Address,100,35,True,2025-12-02 18:06:37,R_5t30WsBMe2JETst,email,EN,"I have read and understood the consent form, and I provide my consent to participate in this study.",Never,Never,Prefer not to answer,Prefer not to answer,Prefer not to answer,
2025-12-02 17:23:16,2025-12-02 18:06:52,IP Address,100,2616,True,2025-12-02 18:06:53,R_6zUgzjneYkf78nN,email,EN,"I have read and understood the consent form, and I provide my consent to participate in this study.",Fewer than 2 times per week,Fewer than 2 times per week,95%,The AI Tutor was somewhat useful as a personal study tool.,Other chatbots are better.,
2025-12-02 18:05:48,2025-12-02 18:07:02,IP Address,100,73,True,2025-12-02 18:07:02,R_520f0wpJWuskb0r,email,EN,"I have read and understood the consent form, and I do NOT provide my consent to participate in this study.",Never,2-5 times per week,80%,The AI Tutor was hardly useful as a personal study tool.,Other chatbots are significantly better.,"I feel like the resources were limited in terms of what information they provided
"
2025-12-02 18:06:11,2025-12-02 18:07:04,IP Address,100,52,True,2025-12-02 18:07:04,R_3NVcidBduTnQ9Sb,email,EN,"I have read and understood the consent form, and I provide my consent to participate in this study.",Fewer than 2 times per week,2-5 times per week,Prefer not to answer,The AI Tutor was somewhat useful as a personal study tool.,Prefer not to answer,
2025-12-02 18:06:00,2025-12-02 18:07:22,IP Address,100,81,True,2025-12-02 18:07:22,R_5ClGjD1jUDMvUhX,email,EN,"I have read and understood the consent form, and I provide my consent to participate in this study.",Fewer than 2 times per week,More than 10 times per week,60%,The AI Tutor was hardly useful as a personal study tool.,Other chatbots are better.,AI Tutor couldn't think very well outside of its course material. It's basically a better search tool for the course material
2025-12-02 18:06:22,2025-12-02 18:07:27,IP Address,100,65,True,2025-12-02 18:07:28,R_3m90LBQMw8QWVBa,email,EN,"I have read and understood the consent form, and I provide my consent to participate in this study.",Fewer than 2 times per week,Fewer than 2 times per week,100%,The AI Tutor was somewhat useful as a personal study tool.,The AI Tutor is marginally better.,
2025-12-02 18:04:17,2025-12-02 18:07:28,IP Address,100,191,True,2025-12-02 18:07:28,R_3QFEqvDQpdTpOfT,email,EN,"I have read and understood the consent form, and I provide my consent to participate in this study.",Fewer than 2 times per week,2-5 times per week,95%,The AI Tutor was hardly useful as a personal study tool.,Other chatbots are better.,"I feel like the AI Tutor was a bit too restricted. So much so to the point where the AI doesn't really process any information but just gives you directions of where the information is. It's not a bad idea but I feel like the strength of an AI tutor would be emphasized in its ability to process information given to them and display it to us in a much digestible way. "
2025-12-02 18:03:39,2025-12-02 18:07:29,IP Address,100,229,True,2025-12-02 18:07:29,R_1DUMTfkFwG8Yy2m,email,EN,"I have read and understood the consent form, and I provide my consent to participate in this study.",Fewer than 2 times per week,Fewer than 2 times per week,100%,The AI Tutor was useful as a personal study tool.,Other chatbots are marginally better.,"Helped me study for my midterm fairly well. "
2025-12-02 18:07:00,2025-12-02 18:07:42,IP Address,100,41,True,2025-12-02 18:07:43,R_1o1kfBqPdyvQS3j,email,EN,"I have read and understood the consent form, and I do NOT provide my consent to participate in this study.",Never,Never,80%,The AI Tutor was somewhat useful as a personal study tool.,Other chatbots are better.,
2025-12-02 18:06:01,2025-12-02 18:07:57,IP Address,100,116,True,2025-12-02 18:07:58,R_5FkCnUTdyPK9tBK,email,EN,"I have read and understood the consent form, and I provide my consent to participate in this study.",Fewer than 2 times per week,2-5 times per week,60%,The AI Tutor was somewhat useful as a personal study tool.,Other chatbots are better.,"To be honest, when I did use the AI I would often cross reference it a bit, but usually just used it as a way to bounce ideas back and forth. I felt it was easier to get this from other AI bots than the tutor bot."
2025-12-02 18:07:18,2025-12-02 18:08:12,IP Address,100,54,True,2025-12-02 18:08:13,R_31hScJzssxiod95,email,EN,"I have read and understood the consent form, and I provide my consent to participate in this study.",Fewer than 2 times per week,Fewer than 2 times per week,80%,The AI Tutor was somewhat useful as a personal study tool.,Other chatbots are marginally better.,
2025-12-02 18:08:19,2025-12-02 18:09:22,IP Address,100,63,True,2025-12-02 18:09:22,R_7GKPsavvoGAd3yN,email,EN,"I have read and understood the consent form, and I provide my consent to participate in this study.",Never,Never,Prefer not to answer,The AI Tutor was useful as a personal study tool.,The AI Tutor is marginally better.,"I liked how it was based on class materials making the information more factual and relative to what I am looking for as a user. "
2025-12-02 18:07:18,2025-12-02 18:09:31,IP Address,100,132,True,2025-12-02 18:09:31,R_3dWfufAbC2k2ZwI,email,EN,"I have read and understood the consent form, and I provide my consent to participate in this study.",Never,2-5 times per week,60%,Prefer not to answer,Prefer not to answer,I think I didn’t use it because there are already many other places to reference. I also mainly use AI for other courses rather than cs.
2025-12-02 18:09:08,2025-12-02 18:09:48,IP Address,100,39,True,2025-12-02 18:09:49,R_3hFz20FPn3CPbIl,email,EN,"I have read and understood the consent form, and I provide my consent to participate in this study.",Fewer than 2 times per week,More than 10 times per week,80%,The AI Tutor was somewhat useful as a personal study tool.,Other chatbots are marginally better.,
2025-12-02 18:09:32,2025-12-02 18:10:12,IP Address,100,39,True,2025-12-02 18:10:12,R_73EmFs1c8trQ0lW,email,EN,"I have read and understood the consent form, and I provide my consent to participate in this study.",Never,5 to 10 times per week,Prefer not to answer,The AI Tutor was somewhat useful as a personal study tool.,Other chatbots are better.,
2025-12-02 18:08:12,2025-12-02 18:10:18,IP Address,100,125,True,2025-12-02 18:10:18,R_7Ib4mx7Oxrsg4Cy,email,EN,"I have read and understood the consent form, and I provide my consent to participate in this study.",Fewer than 2 times per week,More than 10 times per week,100%,The AI Tutor was not useful as a personal study tool.,Other chatbots are significantly better.,The tutor is too gimped. I only used it for midterm one. I asked it to create a mock exam usings its docs but it was a horrid mock. If i remember correctly it didnt really do what i asked or it has super basic questions on it. I asked it to make an exam just to cover my blindspots to see if theres something in the docs which i did not write down
2025-12-02 18:08:58,2025-12-02 18:10:40,IP Address,100,101,True,2025-12-02 18:10:40,R_6EGYkDL7FfgIQGi,email,EN,"I have read and understood the consent form, and I do NOT provide my consent to participate in this study.",Never,2-5 times per week,Prefer not to answer,Prefer not to answer,Other chatbots are better.,
2025-12-02 18:03:00,2025-12-02 18:10:53,IP Address,100,473,True,2025-12-02 18:10:54,R_6rkzKLqlrAJ0362,email,EN,"I have read and understood the consent form, and I provide my consent to participate in this study.",Fewer than 2 times per week,Never,40%,Prefer not to answer,Prefer not to answer,"The AI Tutor's limited set of training data greatly impacts the types of questions it can answer, even when the questions are related to computer science."
2025-12-02 18:10:41,2025-12-02 18:10:57,IP Address,100,16,True,2025-12-02 18:10:57,R_1KrqTdNgPLNN3zZ,email,EN,"I have read and understood the consent form, and I provide my consent to participate in this study.",Prefer not to answer,Prefer not to answer,Prefer not to answer,Prefer not to answer,Prefer not to answer,
2025-12-02 18:10:06,2025-12-02 18:11:15,IP Address,100,69,True,2025-12-02 18:11:15,R_7NbjNGox6dhRvSl,email,EN,"I have read and understood the consent form, and I provide my consent to participate in this study.",Fewer than 2 times per week,2-5 times per week,Prefer not to answer,Prefer not to answer,Prefer not to answer,I did not really use the AI tutor as much so I can really say anything
2025-12-02 18:06:02,2025-12-02 18:12:09,IP Address,100,367,True,2025-12-02 18:12:09,R_3XlxFHkCn9TctyN,email,EN,"I have read and understood the consent form, and I provide my consent to participate in this study.",Never,5 to 10 times per week,60%,The AI Tutor was somewhat useful as a personal study tool.,Other chatbots are marginally better.,"AI tutor is pretty restrictive, like limited when it comes to topics. It seems like I have to stay in a ""script"" in order to get a response"
2025-12-02 18:11:42,2025-12-02 18:12:25,IP Address,100,43,True,2025-12-02 18:12:25,R_6XomkbUjvRNnlhA,email,EN,"I have read and understood the consent form, and I provide my consent to participate in this study.",Never,Fewer than 2 times per week,Prefer not to answer,The AI Tutor was hardly useful as a personal study tool.,Other chatbots are marginally better.,
2025-12-02 18:10:52,2025-12-02 18:12:26,IP Address,100,94,True,2025-12-02 18:12:27,R_6VfOZTcgbGZvYib,email,EN,"I have read and understood the consent form, and I provide my consent to participate in this study.",Fewer than 2 times per week,Fewer than 2 times per week,95%,The AI Tutor was somewhat useful as a personal study tool.,The AI Tutor is marginally better.,
2025-12-02 18:15:57,2025-12-02 18:16:45,IP Address,100,48,True,2025-12-02 18:16:46,R_1RNRN8xr6F7onnx,email,EN,"I have read and understood the consent form, and I provide my consent to participate in this study.",Never,Fewer than 2 times per week,Prefer not to answer,The AI Tutor was hardly useful as a personal study tool.,Other chatbots are better.,
2025-12-02 18:15:45,2025-12-02 18:17:29,IP Address,100,103,True,2025-12-02 18:17:29,R_7igotQRiw9GqRRI,email,EN,"I have read and understood the consent form, and I provide my consent to participate in this study.",Never,Fewer than 2 times per week,,,,
2025-12-02 18:16:35,2025-12-02 18:18:59,IP Address,100,144,True,2025-12-02 18:19:00,R_1OHGZCk4g8dL0zE,email,EN,"I have read and understood the consent form, and I provide my consent to participate in this study.",2-5 times per week,2-5 times per week,95%,The AI Tutor was useful as a personal study tool.,The AI Tutor is marginally better.,"Thanks to it being pretty much specialized for this class in particular, info was usually more accurate to what I would expect from the class itself. However, it usually wouldn't provide helpful analogies or explanations when such things weren't elaborated upon in lecture. That was when I'd usually fall back on other bots like GPT and the like."
2025-12-02 18:15:43,2025-12-02 18:22:34,IP Address,100,410,True,2025-12-02 18:22:34,R_6nU9caSseujujP1,email,EN,"I have read and understood the consent form, and I provide my consent to participate in this study.",5 to 10 times per week,5 to 10 times per week,80%,The AI Tutor was somewhat useful as a personal study tool.,Other chatbots are marginally better.,"I’ve used it a little, but other harbors are generally better in how they provide information"
2025-12-02 18:30:45,2025-12-02 18:31:49,IP Address,100,63,True,2025-12-02 18:31:49,R_538tlYtNgq9PK5K,email,EN,"I have read and understood the consent form, and I provide my consent to participate in this study.",Fewer than 2 times per week,2-5 times per week,80%,The AI Tutor was useful as a personal study tool.,Other chatbots are better.,
2025-12-02 18:31:28,2025-12-02 18:32:34,IP Address,100,66,True,2025-12-02 18:32:35,R_38MSKw2iAsiAG5P,email,EN,"I have read and understood the consent form, and I provide my consent to participate in this study.",Never,5 to 10 times per week,60%,The AI Tutor was somewhat useful as a personal study tool.,Prefer not to answer,I did not use the AI Tutor and as such cannot compare the usefulness of it to other chatbots.
2025-12-02 19:22:08,2025-12-02 19:22:30,IP Address,100,22,True,2025-12-02 19:22:31,R_7joy06J0qPxQJ2p,email,EN,"I have read and understood the consent form, and I do NOT provide my consent to participate in this study.",Prefer not to answer,Prefer not to answer,80%,The AI Tutor was somewhat useful as a personal study tool.,Other chatbots are better.,
2025-12-02 20:03:37,2025-12-02 20:16:57,IP Address,100,799,True,2025-12-02 20:16:57,R_3wwXi6elgFWsadz,email,EN,"I have read and understood the consent form, and I provide my consent to participate in this study.",Fewer than 2 times per week,Fewer than 2 times per week,Prefer not to answer,The AI Tutor was somewhat useful as a personal study tool.,The AI Tutor is better.,I love that the AI tutor uses the class slides but it would be better if the source material were linked in a better way. Sometimes it isn't easy to read the source material.
2025-12-02 21:02:30,2025-12-02 21:04:00,IP Address,100,89,True,2025-12-02 21:04:00,R_1uDtqbpxcFm3BJO,email,EN,"I have read and understood the consent form, and I provide my consent to participate in this study.",Never,Fewer than 2 times per week,Prefer not to answer,Prefer not to answer,Prefer not to answer,
2025-12-02 21:11:23,2025-12-02 21:12:05,IP Address,100,41,True,2025-12-02 21:12:05,R_6kUkyQjF3vwhSD9,email,EN,"I have read and understood the consent form, and I provide my consent to participate in this study.",Never,5 to 10 times per week,80%,The AI Tutor was somewhat useful as a personal study tool.,The AI Tutor is better.,
2025-12-02 18:07:22,2025-12-02 21:37:40,IP Address,100,12617,True,2025-12-02 21:37:40,R_31EY3lUVXZqKuNd,email,EN,"I have read and understood the consent form, and I provide my consent to participate in this study.",Never,2-5 times per week,80%,The AI Tutor was not useful as a personal study tool.,Other chatbots are better.,
2025-12-02 22:08:06,2025-12-02 22:08:34,IP Address,100,27,True,2025-12-02 22:08:34,R_3e9XOjlPnNLDiQ8,email,EN,"I have read and understood the consent form, and I provide my consent to participate in this study.",Never,5 to 10 times per week,60%,Prefer not to answer,Prefer not to answer,
2025-12-02 22:34:07,2025-12-02 22:34:22,IP Address,100,15,True,2025-12-02 22:34:23,R_69iyjSMEIZRrQ1A,email,EN,"I have read and understood the consent form, and I provide my consent to participate in this study.",5 to 10 times per week,2-5 times per week,80%,,The AI Tutor is marginally better.,
2025-12-02 18:04:48,2025-12-03 00:46:58,IP Address,100,24129,True,2025-12-03 00:46:58,R_58UiZJ6f0OYk4BV,email,EN,"I have read and understood the consent form, and I provide my consent to participate in this study.",Fewer than 2 times per week,2-5 times per week,100%,The AI Tutor was somewhat useful as a personal study tool.,Other chatbots are better.,"In my opinion, my questions are too broad. There is no fixed system, and they may appear at any time or in any situation, so the AI tutor may not be very convenient for me to use."
2025-12-03 01:47:14,2025-12-03 01:48:36,IP Address,100,81,True,2025-12-03 01:48:36,R_64cr2Obs6JRTWBf,email,EN,"I have read and understood the consent form, and I provide my consent to participate in this study.",2-5 times per week,Fewer than 2 times per week,Prefer not to answer,The AI Tutor was somewhat useful as a personal study tool.,Prefer not to answer,
2025-12-03 13:12:42,2025-12-03 13:13:45,IP Address,100,62,True,2025-12-03 13:13:45,R_7xxUlLyl5umQbSP,email,EN,"I have read and understood the consent form, and I provide my consent to participate in this study.",Prefer not to answer,Prefer not to answer,Prefer not to answer,Prefer not to answer,Prefer not to answer,
2025-12-03 13:37:36,2025-12-03 13:38:33,IP Address,100,56,True,2025-12-03 13:38:33,R_1hZlhnHUAhJZ7DX,email,EN,"I have read and understood the consent form, and I provide my consent to participate in this study.",Prefer not to answer,5 to 10 times per week,100%,The AI Tutor was useful as a personal study tool.,The AI Tutor is better.,
2025-12-03 14:13:17,2025-12-03 14:13:39,IP Address,100,22,True,2025-12-03 14:13:39,R_7ePE7qQ0NGIMNEB,email,EN,"I have read and understood the consent form, and I provide my consent to participate in this study.",Fewer than 2 times per week,Fewer than 2 times per week,60%,The AI Tutor was somewhat useful as a personal study tool.,Other chatbots are marginally better.,
2025-12-02 14:59:18,2025-12-03 14:13:47,IP Address,100,83669,True,2025-12-03 14:13:48,R_3Suw5j254KOl3cg,email,EN,"I have read and understood the consent form, and I do NOT provide my consent to participate in this study.",,,,,,
2025-12-03 14:25:02,2025-12-03 14:27:09,IP Address,100,127,True,2025-12-03 14:27:10,R_6yNOZdFdbEhpDe9,email,EN,"I have read and understood the consent form, and I provide my consent to participate in this study.",Never,Prefer not to answer,Prefer not to answer,Prefer not to answer,Prefer not to answer,"I'm going to be honest but I didn't use it. I didn't really know where I could find it, because the link was always said by word of mouth. It would be better if you guys posted an announcement on Canvas with the link to the chatbot."
2025-12-03 14:26:12,2025-12-03 14:28:02,IP Address,100,109,True,2025-12-03 14:28:03,R_3379OlH7eRxgjm1,email,EN,"I have read and understood the consent form, and I provide my consent to participate in this study.",Fewer than 2 times per week,5 to 10 times per week,100%,The AI Tutor was somewhat useful as a personal study tool.,Other chatbots are better.,I liked that AI Tutor stayed relevant to the course and only gave information that was in the lecture slides.
2025-12-03 14:57:42,2025-12-03 14:58:19,IP Address,100,37,True,2025-12-03 14:58:20,R_3bVspLztlZ7arbX,email,EN,"I have read and understood the consent form, and I provide my consent to participate in this study.",Never,Never,40%,The AI Tutor was somewhat useful as a personal study tool.,Other chatbots are marginally better.,
2025-12-03 15:53:53,2025-12-03 15:55:02,IP Address,100,69,True,2025-12-03 15:55:03,R_1exlQWtxf4o1p4r,email,EN,"I have read and understood the consent form, and I provide my consent to participate in this study.",Never,Never,Prefer not to answer,The AI Tutor was not useful as a personal study tool.,Prefer not to answer,Never had to use it
2025-12-03 16:04:21,2025-12-03 16:05:25,IP Address,100,64,True,2025-12-03 16:05:25,R_132995dr7LDLZR9,email,EN,"I have read and understood the consent form, and I provide my consent to participate in this study.",Prefer not to answer,Prefer not to answer,60%,The AI Tutor was somewhat useful as a personal study tool.,Other chatbots are better.,
2025-12-03 16:14:11,2025-12-03 16:14:46,IP Address,100,35,True,2025-12-03 16:14:47,R_7GtqXWcyZ2K2KkN,email,EN,"I have read and understood the consent form, and I do NOT provide my consent to participate in this study.",Never,5 to 10 times per week,Prefer not to answer,Prefer not to answer,Prefer not to answer,
2025-12-03 16:18:27,2025-12-03 16:20:19,IP Address,100,112,True,2025-12-03 16:20:19,R_7f9FBrVkhfVigWk,email,EN,"I have read and understood the consent form, and I provide my consent to participate in this study.",Fewer than 2 times per week,5 to 10 times per week,80%,The AI Tutor was hardly useful as a personal study tool.,Other chatbots are better.,"It's good for searching what material was in the slides but lectures go beyond that so wasn't really useful "
2025-12-02 21:16:55,2025-12-03 16:38:53,IP Address,100,69717,True,2025-12-03 16:38:53,R_7F2kB7cilhSCITb,email,EN,"I have read and understood the consent form, and I provide my consent to participate in this study.",Never,Never,0%,The AI Tutor was not useful as a personal study tool.,Other chatbots are significantly better.,
2025-12-03 16:43:27,2025-12-03 16:46:48,IP Address,100,201,True,2025-12-03 16:46:49,R_1Rmf3fhpbntApxv,email,EN,"I have read and understood the consent form, and I provide my consent to participate in this study.",2-5 times per week,5 to 10 times per week,80%,The AI Tutor was somewhat useful as a personal study tool.,The AI Tutor is marginally better.,"It’s already good enough as it is.
"
2025-12-03 17:29:04,2025-12-03 17:31:01,IP Address,100,116,True,2025-12-03 17:31:02,R_1FeSl1gp35Bldvk,email,EN,"I have read and understood the consent form, and I provide my consent to participate in this study.",Fewer than 2 times per week,2-5 times per week,95%,The AI Tutor was useful as a personal study tool.,Other chatbots are significantly better.,
2025-12-03 18:03:44,2025-12-03 18:07:10,IP Address,100,206,True,2025-12-03 18:07:11,R_3gTIPRF79tNboIh,email,EN,"I have read and understood the consent form, and I provide my consent to participate in this study.",Fewer than 2 times per week,2-5 times per week,60%,The AI Tutor was useful as a personal study tool.,Prefer not to answer,
2025-12-03 18:13:09,2025-12-03 18:13:56,IP Address,100,47,True,2025-12-03 18:13:57,R_6DevevmwLju2jsN,email,EN,"I have read and understood the consent form, and I provide my consent to participate in this study.",Never,Never,Prefer not to answer,Prefer not to answer,Prefer not to answer,I have not used it as I have forgotten about it (I am sorry)
2025-12-03 19:02:45,2025-12-03 19:03:45,IP Address,100,60,True,2025-12-03 19:03:46,R_1EjsOhrXTy92DXw,email,EN,"I have read and understood the consent form, and I provide my consent to participate in this study.",Never,Fewer than 2 times per week,Prefer not to answer,The AI Tutor was somewhat useful as a personal study tool.,Other chatbots are marginally better.,
2025-12-03 19:18:22,2025-12-03 19:18:51,IP Address,100,29,True,2025-12-03 19:18:52,R_7K87FWhM40qX3SG,email,EN,"I have read and understood the consent form, and I provide my consent to participate in this study.",Never,2-5 times per week,Prefer not to answer,Prefer not to answer,Prefer not to answer,
2025-12-03 21:00:39,2025-12-03 21:01:45,IP Address,100,66,True,2025-12-03 21:01:46,R_7kzInC4BCwJZPNt,email,EN,"I have read and understood the consent form, and I provide my consent to participate in this study.",Fewer than 2 times per week,2-5 times per week,80%,The AI Tutor was useful as a personal study tool.,Other chatbots are better.,
2025-12-03 21:26:25,2025-12-03 21:27:46,IP Address,100,80,True,2025-12-03 21:27:47,R_7TGEzxxyPPZzV3X,email,EN,"I have read and understood the consent form, and I provide my consent to participate in this study.",Fewer than 2 times per week,Fewer than 2 times per week,95%,The AI Tutor was somewhat useful as a personal study tool.,The AI Tutor is better.,
2025-12-03 21:33:17,2025-12-03 21:33:52,IP Address,100,34,True,2025-12-03 21:33:53,R_626ixSka2WeKbjg,email,EN,"I have read and understood the consent form, and I provide my consent to participate in this study.",Never,Fewer than 2 times per week,Prefer not to answer,Prefer not to answer,Other chatbots are significantly better.,
2025-12-03 21:47:49,2025-12-03 21:49:44,IP Address,100,114,True,2025-12-03 21:49:44,R_3mfO2zXEi2ZnLe6,email,EN,"I have read and understood the consent form, and I provide my consent to participate in this study.",Fewer than 2 times per week,Fewer than 2 times per week,80%,The AI Tutor was somewhat useful as a personal study tool.,The AI Tutor is marginally better.,"The AI Tutor was very useful since it pull directly from the class materials, however it sometimes gave weird feedback and did not include everything. The information sometimes did not translate from the slides to the AI."
2025-12-03 22:22:16,2025-12-03 22:23:17,IP Address,100,61,True,2025-12-03 22:23:18,R_32JIbSJIceZT0qR,email,EN,"I have read and understood the consent form, and I provide my consent to participate in this study.",Never,2-5 times per week,Prefer not to answer,The AI Tutor was not useful as a personal study tool.,Other chatbots are significantly better.,"Nothing really, I kind of forgot about it"
2025-12-03 17:00:56,2025-12-03 23:47:51,IP Address,100,24415,True,2025-12-03 23:47:51,R_57WVYPwS82Xk7DP,email,EN,"I have read and understood the consent form, and I provide my consent to participate in this study.",Fewer than 2 times per week,More than 10 times per week,60%,The AI Tutor was somewhat useful as a personal study tool.,Other chatbots are significantly better.,
2025-12-04 00:31:19,2025-12-04 00:32:00,IP Address,100,40,True,2025-12-04 00:32:00,R_6RdA2Bizm4FS1Yu,email,EN,"I have read and understood the consent form, and I provide my consent to participate in this study.",Fewer than 2 times per week,Fewer than 2 times per week,60%,The AI Tutor was somewhat useful as a personal study tool.,Other chatbots are significantly better.,
2025-12-04 00:43:49,2025-12-04 00:48:12,IP Address,100,263,True,2025-12-04 00:48:13,R_331zGxXRFncgPfW,email,EN,"I have read and understood the consent form, and I provide my consent to participate in this study.",Fewer than 2 times per week,More than 10 times per week,80%,The AI Tutor was somewhat useful as a personal study tool.,Other chatbots are better.,"Obviously, the Scotty AI is much more pared down and focused on the specific curriculum of CS100, so publicly available ones are going to just have more capability and features. With that being said though, I feel like this AI tutor is really really good at helping students study for tests, as it has much better context with the lecture material. I feel like it has decent potential there."
2025-12-04 06:53:07,2025-12-04 06:54:11,IP Address,100,63,True,2025-12-04 06:54:11,R_5gwJLQ6r4er3J7a,email,EN,"I have read and understood the consent form, and I provide my consent to participate in this study.",Never,2-5 times per week,5%,The AI Tutor was not useful as a personal study tool.,Other chatbots are better.,
2025-12-02 15:03:43,2025-12-04 10:02:40,IP Address,100,154736,True,2025-12-04 10:02:40,R_57DVRks12Oh0x0Z,email,EN,"I have read and understood the consent form, and I provide my consent to participate in this study.",Never,Fewer than 2 times per week,Prefer not to answer,Prefer not to answer,Prefer not to answer,
2025-12-04 10:48:25,2025-12-04 10:49:18,IP Address,100,52,True,2025-12-04 10:49:18,R_6qWXB6u8rcfmcZo,email,EN,"I have read and understood the consent form, and I do NOT provide my consent to participate in this study.",2-5 times per week,More than 10 times per week,60%,The AI Tutor was hardly useful as a personal study tool.,Other chatbots are better.,N/A
2025-12-04 12:51:23,2025-12-04 12:52:26,IP Address,100,62,True,2025-12-04 12:52:26,R_3j9xkuSOvzzbzEt,email,EN,"I have read and understood the consent form, and I provide my consent to participate in this study.",Never,Fewer than 2 times per week,Prefer not to answer,Prefer not to answer,Prefer not to answer,
2025-12-04 13:40:54,2025-12-04 13:42:12,IP Address,100,77,True,2025-12-04 13:42:12,R_3PZjtKcgp4hbM2s,email,EN,"I have read and understood the consent form, and I provide my consent to participate in this study.",More than 10 times per week,Fewer than 2 times per week,60%,The AI Tutor was somewhat useful as a personal study tool.,Prefer not to answer,
2025-12-04 14:08:21,2025-12-04 14:20:35,IP Address,100,734,True,2025-12-04 14:20:35,R_3KqhKQQ9QwZJAsk,email,EN,"I have read and understood the consent form, and I provide my consent to participate in this study.",Fewer than 2 times per week,2-5 times per week,100%,The AI Tutor was somewhat useful as a personal study tool.,The AI Tutor is better.,"The AI Tutor is preferable to other AI chatbots because of the bounds it establishes by only working with approved content. Of course, other models can output the correct answer, but restricting the content ensures that we arrive at that answer using an approved method. I wish this was available for my CS111 class where we were reluctant to use AI because it was generally disallowed"
2025-12-04 15:58:02,2025-12-04 15:58:37,IP Address,100,35,True,2025-12-04 15:58:38,R_1AR4BThqYEDMypO,email,EN,"I have read and understood the consent form, and I provide my consent to participate in this study.",Fewer than 2 times per week,Fewer than 2 times per week,80%,The AI Tutor was somewhat useful as a personal study tool.,Other chatbots are better.,
2025-12-05 12:58:14,2025-12-05 12:59:29,IP Address,100,74,True,2025-12-05 12:59:29,R_7HhoJgkpteZgcst,email,EN,"I have read and understood the consent form, and I do NOT provide my consent to participate in this study.",Fewer than 2 times per week,More than 10 times per week,Prefer not to answer,The AI Tutor was somewhat useful as a personal study tool.,Prefer not to answer,
2025-12-05 12:59:11,2025-12-05 12:59:51,IP Address,100,39,True,2025-12-05 12:59:51,R_1YVhRLBzuPGX88p,email,EN,"I have read and understood the consent form, and I do NOT provide my consent to participate in this study.",Never,2-5 times per week,80%,The AI Tutor was somewhat useful as a personal study tool.,Other chatbots are better.,
2025-12-05 13:03:12,2025-12-05 13:04:28,IP Address,100,76,True,2025-12-05 13:04:29,R_6yW6yXdk9ZjzoTD,email,EN,"I have read and understood the consent form, and I provide my consent to participate in this study.",Fewer than 2 times per week,Fewer than 2 times per week,60%,Prefer not to answer,Prefer not to answer,I think in comparison to other tools it is a bit lackluster but it is a great free resource.
2025-12-05 13:04:27,2025-12-05 13:05:09,IP Address,100,41,True,2025-12-05 13:05:10,R_5rrAQKdAVcFXAiX,email,EN,"I have read and understood the consent form, and I provide my consent to participate in this study.",Never,2-5 times per week,Prefer not to answer,Prefer not to answer,Prefer not to answer,
2025-12-05 13:26:46,2025-12-05 13:27:24,IP Address,100,38,True,2025-12-05 13:27:25,R_1qe3XfVcqyjiDHR,email,EN,"I have read and understood the consent form, and I do NOT provide my consent to participate in this study.",Never,Fewer than 2 times per week,Prefer not to answer,Prefer not to answer,Prefer not to answer,
2025-12-05 13:26:52,2025-12-05 13:27:42,IP Address,100,50,True,2025-12-05 13:27:43,R_514CKBuPTQuSQC6,email,EN,"I have read and understood the consent form, and I do NOT provide my consent to participate in this study.",Never,More than 10 times per week,Prefer not to answer,Prefer not to answer,Prefer not to answer,
2025-12-05 13:29:01,2025-12-05 13:30:02,IP Address,100,60,True,2025-12-05 13:30:03,R_5DuO3l73hpbyy7n,email,EN,"I have read and understood the consent form, and I provide my consent to participate in this study.",Prefer not to answer,5 to 10 times per week,Prefer not to answer,Prefer not to answer,Prefer not to answer,
2025-12-05 13:31:07,2025-12-05 13:31:56,IP Address,100,48,True,2025-12-05 13:31:56,R_3eeUoCixwobe1Z7,email,EN,"I have read and understood the consent form, and I provide my consent to participate in this study.",Fewer than 2 times per week,More than 10 times per week,100%,The AI Tutor was hardly useful as a personal study tool.,Other chatbots are significantly better.,For me I like to use ChatGPt to give me questions to study for the quizzes. The AI Tutor is just a place to find sources as Ive found.
2025-12-05 13:45:24,2025-12-05 13:46:00,IP Address,100,36,True,2025-12-05 13:46:01,R_65XgHqxKtSGpBuc,email,EN,"I have read and understood the consent form, and I do NOT provide my consent to participate in this study.",Never,2-5 times per week,Prefer not to answer,Prefer not to answer,Prefer not to answer,
2025-12-03 14:29:14,2025-12-05 13:53:07,IP Address,100,170633,True,2025-12-05 13:53:07,R_1oHm4AwSOlXysuN,email,EN,"I have read and understood the consent form, and I provide my consent to participate in this study.",Never,5 to 10 times per week,Prefer not to answer,Prefer not to answer,Prefer not to answer,I didn't really use it at all so I think any input would skew results because I do not know how helpful it actually is.
2025-12-05 14:06:45,2025-12-05 14:07:16,IP Address,100,30,True,2025-12-05 14:07:16,R_6IcoXkNfBEoxkVf,email,EN,"I have read and understood the consent form, and I do NOT provide my consent to participate in this study.",Never,Never,Prefer not to answer,Prefer not to answer,Prefer not to answer,
2025-12-05 14:17:31,2025-12-05 14:18:18,IP Address,100,46,True,2025-12-05 14:18:18,R_3EHkLCiiy3t0gne,email,EN,"I have read and understood the consent form, and I provide my consent to participate in this study.",Never,Never,Prefer not to answer,Prefer not to answer,Prefer not to answer,
2025-12-05 14:51:38,2025-12-05 14:52:11,IP Address,100,32,True,2025-12-05 14:52:12,R_5PRZQ9IhqrtF6te,email,EN,"I have read and understood the consent form, and I provide my consent to participate in this study.",Fewer than 2 times per week,2-5 times per week,80%,The AI Tutor was somewhat useful as a personal study tool.,The AI Tutor is marginally better.,
2025-12-05 14:51:18,2025-12-05 14:53:23,IP Address,100,125,True,2025-12-05 14:53:24,R_58ue5TTIWvSlpfP,email,EN,"I have read and understood the consent form, and I do NOT provide my consent to participate in this study.",2-5 times per week,5 to 10 times per week,80%,The AI Tutor was useful as a personal study tool.,The AI Tutor is marginally better.,
2025-12-05 15:02:41,2025-12-05 15:04:01,IP Address,100,80,True,2025-12-05 15:04:02,R_3j8L5gzRhJFUEiC,email,EN,"I have read and understood the consent form, and I provide my consent to participate in this study.",Fewer than 2 times per week,More than 10 times per week,60%,The AI Tutor was somewhat useful as a personal study tool.,Other chatbots are better.,"Tried to use a couple times but wasn't working so didn't use it as much. But times it did work, it was helpful"
2025-12-05 15:02:40,2025-12-05 15:04:05,IP Address,100,85,True,2025-12-05 15:04:05,R_3m3RFksj0rdkZgw,email,EN,"I have read and understood the consent form, and I provide my consent to participate in this study.",Never,5 to 10 times per week,Prefer not to answer,The AI Tutor was somewhat useful as a personal study tool.,Other chatbots are better.,"it feels more ethical since it’s based on class notes and not random internet stuff "
2025-12-05 15:04:35,2025-12-05 15:05:12,IP Address,100,36,True,2025-12-05 15:05:12,R_11HL3O1MCafBZXU,email,EN,"I have read and understood the consent form, and I provide my consent to participate in this study.",Never,Fewer than 2 times per week,Prefer not to answer,Prefer not to answer,Prefer not to answer,
2025-12-05 15:04:37,2025-12-05 15:05:15,IP Address,100,38,True,2025-12-05 15:05:16,R_1FXuyZdwu1tLXMg,email,EN,"I have read and understood the consent form, and I provide my consent to participate in this study.",Never,More than 10 times per week,Prefer not to answer,The AI Tutor was useful as a personal study tool.,Prefer not to answer,
2025-12-05 13:00:57,2025-12-05 15:05:22,IP Address,100,7464,True,2025-12-05 15:05:22,R_5QPjcSseMc2MYvd,email,EN,"I have read and understood the consent form, and I provide my consent to participate in this study.",Never,2-5 times per week,80%,Prefer not to answer,Prefer not to answer,
2025-12-05 15:02:51,2025-12-05 15:06:04,IP Address,100,192,True,2025-12-05 15:06:04,R_3wwvwRFIiZZSk13,email,EN,"I have read and understood the consent form, and I provide my consent to participate in this study.",Never,2-5 times per week,Prefer not to answer,Prefer not to answer,Other chatbots are better.,
2025-12-05 15:05:26,2025-12-05 15:06:16,IP Address,100,50,True,2025-12-05 15:06:16,R_3fw7RvSRRTUTumt,email,EN,"I have read and understood the consent form, and I provide my consent to participate in this study.",Fewer than 2 times per week,2-5 times per week,Prefer not to answer,The AI Tutor was somewhat useful as a personal study tool.,Other chatbots are marginally better.,
2025-12-05 15:06:44,2025-12-05 15:07:29,IP Address,100,45,True,2025-12-05 15:07:30,R_5bOyHEMUMtG2hKd,email,EN,"I have read and understood the consent form, and I provide my consent to participate in this study.",Fewer than 2 times per week,2-5 times per week,100%,The AI Tutor was useful as a personal study tool.,The AI Tutor is better.,
2025-12-05 15:06:56,2025-12-05 15:08:44,IP Address,100,108,True,2025-12-05 15:08:44,R_66w9yYiHAaNIzJL,email,EN,"I have read and understood the consent form, and I do NOT provide my consent to participate in this study.",Never,2-5 times per week,Prefer not to answer,Prefer not to answer,Prefer not to answer,"I didn’t use the AI tutor, so N/A."
2025-12-05 15:08:18,2025-12-05 15:08:53,IP Address,100,34,True,2025-12-05 15:08:53,R_7oMheGk6sbCfT3d,email,EN,"I have read and understood the consent form, and I provide my consent to participate in this study.",Fewer than 2 times per week,2-5 times per week,60%,The AI Tutor was somewhat useful as a personal study tool.,Other chatbots are better.,
2025-12-05 15:08:21,2025-12-05 15:08:54,IP Address,100,33,True,2025-12-05 15:08:55,R_7rTfZdbVa61cYmV,email,EN,"I have read and understood the consent form, and I provide my consent to participate in this study.",Fewer than 2 times per week,Fewer than 2 times per week,80%,The AI Tutor was somewhat useful as a personal study tool.,The AI Tutor is better.,
2025-12-05 15:08:12,2025-12-05 15:10:48,IP Address,100,156,True,2025-12-05 15:10:49,R_7Xd6k1m2jYGI1Ao,email,EN,"I have read and understood the consent form, and I provide my consent to participate in this study.",Fewer than 2 times per week,More than 10 times per week,95%,The AI Tutor was useful as a personal study tool.,Other chatbots are marginally better.,
2025-12-05 15:14:11,2025-12-05 15:14:35,IP Address,100,23,True,2025-12-05 15:14:35,R_32Wz8Q1NkeyXR6K,email,EN,"I have read and understood the consent form, and I do NOT provide my consent to participate in this study.",2-5 times per week,Fewer than 2 times per week,Prefer not to answer,Prefer not to answer,Prefer not to answer,
2025-12-05 15:17:09,2025-12-05 15:18:31,IP Address,100,82,True,2025-12-05 15:18:31,R_1kXOom3PSkSbCN4,email,EN,"I have read and understood the consent form, and I provide my consent to participate in this study.",Never,More than 10 times per week,0%,Prefer not to answer,Prefer not to answer,
2025-12-05 15:18:42,2025-12-05 15:19:42,IP Address,100,60,True,2025-12-05 15:19:42,R_5HR0rCuhUnAQuZj,email,EN,"I have read and understood the consent form, and I provide my consent to participate in this study.",Never,5 to 10 times per week,,,,
2025-12-05 15:19:14,2025-12-05 15:20:19,IP Address,100,65,True,2025-12-05 15:20:20,R_5wjRfbXoLrBQUM1,email,EN,"I have read and understood the consent form, and I provide my consent to participate in this study.",Never,2-5 times per week,Prefer not to answer,The AI Tutor was not useful as a personal study tool.,Other chatbots are marginally better.,
2025-12-05 15:24:48,2025-12-05 15:25:07,IP Address,100,19,True,2025-12-05 15:25:07,R_3ZyrXxwdoKDfouR,email,EN,"I have read and understood the consent form, and I provide my consent to participate in this study.",Fewer than 2 times per week,Fewer than 2 times per week,60%,The AI Tutor was hardly useful as a personal study tool.,The AI Tutor is better.,
2025-12-05 15:32:26,2025-12-05 15:33:34,IP Address,100,68,True,2025-12-05 15:33:35,R_12gVRA7NgWQ01dC,email,EN,"I have read and understood the consent form, and I provide my consent to participate in this study.",Fewer than 2 times per week,5 to 10 times per week,60%,The AI Tutor was hardly useful as a personal study tool.,Other chatbots are better.,
2025-12-05 16:05:08,2025-12-05 16:07:26,IP Address,100,138,True,2025-12-05 16:07:27,R_5PvxNZjRogOxMWq,email,EN,"I have read and understood the consent form, and I provide my consent to participate in this study.",Fewer than 2 times per week,Fewer than 2 times per week,80%,The AI Tutor was somewhat useful as a personal study tool.,The AI Tutor is marginally better.,I think the format of some responses was difficult to read. I forgot what I prompted of it but the text wasn't formatted easily to read.
2025-12-05 16:12:30,2025-12-05 16:12:54,IP Address,100,24,True,2025-12-05 16:12:55,R_61sJEPvARFA3Tie,email,EN,"I have read and understood the consent form, and I provide my consent to participate in this study.",Never,2-5 times per week,Prefer not to answer,Prefer not to answer,Prefer not to answer,
2025-12-05 16:46:36,2025-12-05 16:47:25,IP Address,100,48,True,2025-12-05 16:47:25,R_7rSphcBL2Bj7QLt,email,EN,"I have read and understood the consent form, and I provide my consent to participate in this study.",Fewer than 2 times per week,2-5 times per week,Prefer not to answer,The AI Tutor was hardly useful as a personal study tool.,Other chatbots are significantly better.,
2025-12-05 17:02:38,2025-12-05 17:03:21,IP Address,100,42,True,2025-12-05 17:03:21,R_1LLOckSYAXe2QFm,email,EN,"I have read and understood the consent form, and I provide my consent to participate in this study.",5 to 10 times per week,5 to 10 times per week,60%,The AI Tutor was somewhat useful as a personal study tool.,The AI Tutor is marginally better.,
2025-12-05 19:41:01,2025-12-05 19:45:49,IP Address,100,287,True,2025-12-05 19:45:49,R_7Pl7WHbby7QRhvj,email,EN,"I have read and understood the consent form, and I provide my consent to participate in this study.",Never,Fewer than 2 times per week,Prefer not to answer,Prefer not to answer,Prefer not to answer,"I forgot the AI tutor was available. The only AI usage I had was the automatically generated AI responses when googling questions. I used it in the same way I would have used Stack Overflow, with syntax related or specific conceptual questions."
2025-12-05 20:28:51,2025-12-05 20:29:39,IP Address,100,48,True,2025-12-05 20:29:40,R_125wsSjmtKNvdTS,email,EN,"I have read and understood the consent form, and I provide my consent to participate in this study.",Never,Fewer than 2 times per week,Prefer not to answer,Prefer not to answer,Prefer not to answer,N/A
2025-12-06 00:04:10,2025-12-06 00:05:35,IP Address,100,84,True,2025-12-06 00:05:35,R_7j9vnoiEMGeuEtX,email,EN,"I have read and understood the consent form, and I provide my consent to participate in this study.",Never,Fewer than 2 times per week,Prefer not to answer,The AI Tutor was somewhat useful as a personal study tool.,Other chatbots are marginally better.,
2025-12-06 12:32:47,2025-12-06 12:33:30,IP Address,100,43,True,2025-12-06 12:33:31,R_5cacxaHTWzr1ODf,email,EN,"I have read and understood the consent form, and I provide my consent to participate in this study.",Fewer than 2 times per week,2-5 times per week,95%,The AI Tutor was useful as a personal study tool.,Other chatbots are better.,
2025-12-07 01:17:04,2025-12-07 01:28:13,IP Address,100,669,True,2025-12-07 01:28:14,R_1Yn88lAab4uayuQ,email,EN,"I have read and understood the consent form, and I provide my consent to participate in this study.",Never,2-5 times per week,Prefer not to answer,Prefer not to answer,Prefer not to answer,I did not use it but I’m sure it’s great! I use chat gpt a lot for learning different concepts in my classes and asking follow up questions.
2025-12-07 17:55:04,2025-12-07 17:55:35,IP Address,100,31,True,2025-12-07 17:55:35,R_3qz54vrQiNhTAK9,email,EN,"I have read and understood the consent form, and I do NOT provide my consent to participate in this study.",2-5 times per week,Prefer not to answer,40%,Prefer not to answer,Prefer not to answer,
2025-12-07 19:58:17,2025-12-07 20:07:47,IP Address,100,570,True,2025-12-07 20:07:47,R_5zHmgBeYLeMOHmx,email,EN,"I have read and understood the consent form, and I provide my consent to participate in this study.",Fewer than 2 times per week,2-5 times per week,80%,The AI Tutor was hardly useful as a personal study tool.,Other chatbots are better.,The AI Tutor had lots of restrictions and could not answer a good amount of questions asked. It would be helpful if the AI Tutor was able to generate customized quiz questions to practice while also being able to walk through a problem with explanations.
2025-12-08 11:57:38,2025-12-08 11:58:39,IP Address,100,60,True,2025-12-08 11:58:39,R_11ge3rxyHQkNNjv,email,EN,"I have read and understood the consent form, and I provide my consent to participate in this study.",Never,More than 10 times per week,Prefer not to answer,Prefer not to answer,Prefer not to answer,N/A
2025-12-08 12:37:03,2025-12-08 12:38:23,IP Address,100,79,True,2025-12-08 12:38:23,R_5V2WlWzJex5xWKo,email,EN,"I have read and understood the consent form, and I provide my consent to participate in this study.",Never,5 to 10 times per week,Prefer not to answer,Prefer not to answer,Prefer not to answer,I did not use the AI Tutor and am therefore unable to have any opinions about it.
2025-12-08 14:32:36,2025-12-08 14:33:34,IP Address,100,57,True,2025-12-08 14:33:35,R_153AwiJ4tICuMnf,email,EN,"I have read and understood the consent form, and I do NOT provide my consent to participate in this study.",Never,Fewer than 2 times per week,Prefer not to answer,Prefer not to answer,Prefer not to answer,
2025-12-08 17:25:10,2025-12-08 17:25:46,IP Address,100,35,True,2025-12-08 17:25:46,R_7To6i7bSU5cxBzq,email,EN,"I have read and understood the consent form, and I do NOT provide my consent to participate in this study.",Never,Fewer than 2 times per week,Prefer not to answer,Prefer not to answer,Prefer not to answer,
2025-12-08 18:07:53,2025-12-08 18:08:49,IP Address,100,56,True,2025-12-08 18:08:50,R_5gRwLywDx29qaOe,email,EN,"I have read and understood the consent form, and I provide my consent to participate in this study.",2-5 times per week,Fewer than 2 times per week,80%,The AI Tutor was useful as a personal study tool.,The AI Tutor is significantly better.,very good
2025-12-08 23:22:57,2025-12-08 23:24:07,IP Address,100,70,True,2025-12-08 23:24:08,R_5MSdVVAQV4zfsdx,email,EN,"I have read and understood the consent form, and I provide my consent to participate in this study.",Fewer than 2 times per week,Fewer than 2 times per week,80%,The AI Tutor was somewhat useful as a personal study tool.,The AI Tutor is marginally better.,"I didn't really feel much need to use the AI Tutor for this course as I felt I had a strong handle on the material overall. However, I believe that other courses, such as CS141 or CS171, with a lot more content, I would be more likely to benefit."
2025-12-09 12:01:31,2025-12-09 12:03:10,IP Address,100,98,True,2025-12-09 12:03:10,R_1VSg6qTd1RS0LhT,email,EN,"I have read and understood the consent form, and I provide my consent to participate in this study.",Fewer than 2 times per week,5 to 10 times per week,100%,The AI Tutor was somewhat useful as a personal study tool.,The AI Tutor is marginally better.,
2025-12-05 15:07:14,2025-12-09 12:44:21,IP Address,100,337026,True,2025-12-09 12:44:22,R_1IRU9J0T6lAQqHf,email,EN,"I have read and understood the consent form, and I provide my consent to participate in this study.",More than 10 times per week,5 to 10 times per week,80%,The AI Tutor was somewhat useful as a personal study tool.,Other chatbots are marginally better.,
2025-12-09 13:15:49,2025-12-09 13:16:45,IP Address,100,56,True,2025-12-09 13:16:46,R_6DeFpGGvd7WwD23,email,EN,"I have read and understood the consent form, and I provide my consent to participate in this study.",Never,2-5 times per week,40%,The AI Tutor was somewhat useful as a personal study tool.,Prefer not to answer,
2025-12-09 23:48:42,2025-12-09 23:53:04,IP Address,100,261,True,2025-12-09 23:53:05,R_34pZnaQ6Fgs8KSU,email,EN,"I have read and understood the consent form, and I provide my consent to participate in this study.",Fewer than 2 times per week,2-5 times per week,100%,The AI Tutor was somewhat useful as a personal study tool.,Other chatbots are significantly better.,"The AI Tutor certainly has promise. However, in its current state, it can really only reiterate information from provided lecture slides and try to use that information to solve related queried problems. I didn't find it to be very capable at, say, checking to see if a complex SQL query was indeed correct; it was more so suited for explaining to me how to write a perfect SQL query rather than actually doing the work of writing or checking mine. Other chatbots have far more of an ability to ""act"" and ""think"" and combine provided data (i.e. uploaded lecture slides) with the vast resources of the Internet to produce better results in more use cases."
2025-12-11 19:35:00,2025-12-11 19:35:32,IP Address,100,32,True,2025-12-11 19:35:33,R_6Jy6cuv6xNM4wp3,email,EN,"I have read and understood the consent form, and I provide my consent to participate in this study.",Fewer than 2 times per week,Fewer than 2 times per week,Prefer not to answer,The AI Tutor was somewhat useful as a personal study tool.,Other chatbots are better.,
2025-12-12 00:14:03,2025-12-12 00:23:10,IP Address,100,546,True,2025-12-12 00:23:10,R_7coNdhJdnKFTv1t,email,EN,"I have read and understood the consent form, and I do NOT provide my consent to participate in this study.",Never,Prefer not to answer,Prefer not to answer,Prefer not to answer,Prefer not to answer,"I liked how the AI Tutor was UCR-themed; it feels more personalized. "
2025-12-12 00:21:37,2025-12-12 00:25:40,IP Address,100,243,True,2025-12-12 00:25:41,R_32xy2tQmKPqOO3H,email,EN,"I have read and understood the consent form, and I provide my consent to participate in this study.",Fewer than 2 times per week,Fewer than 2 times per week,60%,The AI Tutor was somewhat useful as a personal study tool.,Other chatbots are better.,"The main issue I had with the scotty AI tutor was it's formatting. It was not able to format many answers in a legible manner. This is something, which if improved to the level of chatgpt or gemini, could make it competitive."
2025-12-05 13:16:57,2025-12-12 22:09:18,IP Address,100,636740,True,2025-12-12 22:09:18,R_3fcT1VQdKRIVBFw,email,EN,"I have read and understood the consent form, and I do NOT provide my consent to participate in this study.",Prefer not to answer,Prefer not to answer,Prefer not to answer,Prefer not to answer,Prefer not to answer,
